slice,VertLevel,area,angle_AP,angle_RL,diameter_AP,diameter_RL,eccentricity,orientation,solidity
1,11.0,42.51300503023766,1.79826342750099,19.966628564249092,6.8492153669481874,7.848233059869626,0.4882410906548058,13.496672654248622,0.9655172413793104
2,11.0,43.05090906593744,1.769427846009938,20.163522083982656,6.696808110902471,8.019938748478797,0.5502185810082366,1.4042502990042185,0.9686946249261664
3,11.0,43.836371905305775,1.7410367977374652,20.35675723713999,6.938817669182792,8.063735271739997,0.5094545889771891,5.356583846624981,0.9906814210832848
4,11.0,46.38598064414123,1.7130903371732396,20.54635507600292,6.829013549840904,8.684517101906508,0.6177885613383456,5.193920099114076,0.9638490164805954
5,11.0,45.695501509209656,1.6855885168893086,20.732336567777065,7.081414171891508,8.278240330324378,0.5179252469979265,7.365456371466415,0.9851239669421488
6,11.0,43.10436932934373,1.6585313875902237,20.9147225755307,6.736408330858596,8.108552164556064,0.5566024198662758,0.5125244101921019,0.972530683810637
7,11.0,42.7532284246075,1.6319189981623914,21.09353383997834,6.554381792901929,8.16125260480421,0.5958300345522031,0.5898160164379284,0.9819168173598554
8,11.0,43.28821811075279,1.6057513957226517,21.26879096208321,6.587494376472188,8.213757658893204,0.597313061689869,0.0151176752840348,0.9603960396039604
9,11.0,42.73224788660868,1.5800286256660827,21.44051438645216,6.719874991156031,8.005180933401409,0.5434499813454613,0.0440442186613638,0.9704840613931524
10,10.0,43.61580761977776,1.554750731713033,21.60872438549732,6.741909963843895,8.267162656923178,0.5787493443465999,1.0930405712125923,0.9747416762342136
11,10.0,43.606906342986505,1.5299177559553705,21.773441044338558,6.98014787582343,8.025548453918113,0.4935071134767312,4.989465136122463,0.97105561861521
12,10.0,41.1247348937528,1.5055297389019542,21.934684246421455,6.659978650668751,7.909513113730777,0.5394429792749603,9.491148813351948,0.9737163814180928
13,10.0,42.07052276473156,1.4815867195233243,22.09247365982541,6.7729872028140825,7.866583607811896,0.5086339457138539,4.61842777216826,0.9563164108618654
14,10.0,41.18356514189053,1.458088735295611,22.246828724237226,6.478674127520351,7.9621446303463665,0.581305564137575,6.9228708510897015,0.9619865113427344
15,10.0,41.71921165948586,1.4350358222436583,22.397768638565573,6.507570785957928,8.034862583356901,0.5865435931114424,5.081317472977164,0.96654501216545
16,10.0,44.86311242271085,1.4124280149833628,22.545312349172463,6.595688441040183,8.585351717791257,0.6401501611418995,7.5936596074943665,0.9611111111111112
17,10.0,45.0297980266211,1.3902653467632249,22.689478538698065,6.883991436261959,8.328652997217473,0.56287212382045,9.364843552938243,0.942609637249594
18,10.0,42.10304337976118,1.3685478495051115,22.830285615455697,6.811169262817563,7.929741043635323,0.5120753760915352,11.760079322307783,0.9751184834123224
19,10.0,43.18131560009244,1.347275553844237,22.96775170337458,7.005307386531304,7.837627178160154,0.4484548501166527,13.917770220214358,0.9604130808950088
20,10.0,41.2437164975886,1.3264484891683397,23.10189463246807,6.672934119839168,7.746212912633372,0.5078499558904694,11.407942185391288,0.9783147459727384
21,10.0,42.00268112478615,1.3060666836560793,23.232731929805848,6.74634369535582,7.823362624386264,0.5063401734945248,10.28785940125324,0.9745454545454544
22,10.0,41.37248563452492,1.2861301643146392,23.360280810969236,6.590185075336536,7.90475600370108,0.5522183209381158,3.590911922951539,0.9409660107334524
23,10.0,41.64666675947133,1.266638957016531,23.484558171968757,6.703252797276935,7.8189134128641475,0.514794836553222,4.696893199742615,0.9839802834257548
24,10.0,42.969409335947766,1.2475930865356095,23.60558058160453,7.044161395079563,7.739023014719337,0.4141379117036436,8.233421028163756,0.9573487031700288
25,10.0,43.608190062783024,1.228992576582289,23.72336427424972,6.79082383933228,8.200820266420324,0.5606288289057855,3.8531250239499832,0.9742268041237112
26,10.0,42.36978906255945,1.210837449837968,23.837925143038564,6.675097151608638,8.150927116913367,0.5738820604754553,8.709253932167103,0.9798339264531436
27,10.0,42.809934187930615,1.193127727988649,23.949278733440647,6.598024310209346,8.21810480603694,0.5961605520080857,8.001802916989186,0.9845697329376856
28,10.0,43.11947493631521,1.1758634317577712,24.057440237203785,6.617950290603978,8.219010670962424,0.5930018011446302,5.615736158215757,0.9685314685314684
29,10.0,42.82077792428166,1.1590445809382368,24.16242448664855,6.642917536104814,8.139305343025091,0.5778349057112944,4.341046586905795,0.9479166666666666
30,10.0,41.75571323352509,1.1426711944236407,24.26424594929783,6.712095690418301,7.825218182474537,0.5140625146073463,6.637710466989109,0.97156684815487
31,10.0,42.57678952686606,1.1267432902386991,24.360209936186763,6.770063317887085,7.938848416505029,0.5222746813444974,11.318704493823368,0.953962703962704
32,10.0,42.74076840309838,1.111260885568885,24.4476370731556,6.5746017061443975,8.25405443872928,0.6045980344908095,7.702311377471414,0.9723691945914168
33,10.0,42.71319320529977,1.096223996789246,24.526562085301705,6.7905041027919335,8.060284060338974,0.5387504047397405,4.034959260458591,0.9794961921499707
34,9.0,41.53643868423455,1.081632639492443,24.59701642817438,6.440682789230538,8.27534253535316,0.6278941023377326,5.065408804312811,0.959691760521636
35,9.0,42.04258884618358,1.067486828515967,24.659028266664823,6.522588206986531,8.17649897135374,0.6030219172172269,2.8350065503499717,0.9824135839902972
36,9.0,44.83428248456685,1.0537865779685631,24.712622456743077,6.869549885468749,8.277484125392883,0.5578991481928474,1.056569915096566,0.9691358024691358
37,9.0,44.12109417740258,1.0405319012558532,24.757820529836323,6.649557218052147,8.394783217885843,0.610382704750074,3.267749658187672,0.9736540664375716
38,9.0,44.527519005269234,1.0277228111051482,24.794640679668586,6.619225187063117,8.5442881481144,0.6323330336339104,1.304601957156505,0.96008993816751
39,9.0,44.27925355005117,1.0153593195894592,24.823097751407424,6.633423132684187,8.341443642291079,0.606297923412305,5.243858100142027,0.9837114601512508
40,9.0,45.4395160430716,1.0034414381507095,24.84320323298809,6.909468965668056,8.269953038606033,0.5495033350829329,9.761955554137728,0.9629629629629628
41,9.0,44.33015736766205,0.9919691776221315,24.85496524851002,6.762230577917276,8.2399789102763,0.5714140095920186,1.047639263237435,0.9479283314669652
42,9.0,45.00454842929114,0.980942548249871,24.858388553624767,6.545286776743041,8.617061669214218,0.6504212842119299,1.2072745015219726,0.9663677130044844
43,9.0,46.30404837969487,0.9703615597137712,24.853474532858367,6.843117461083794,8.594145534162429,0.6049622474554992,0.0196610469806102,0.9590958019375672
44,9.0,46.978208278762175,0.9602262211473692,24.84022119883491,6.7686723231877455,8.76648136932497,0.635490159027172,0.0042364073496537,0.9880043620501636
45,9.0,46.50928279815781,0.9505365411570686,24.81862319339148,6.600392389450281,8.921693789666886,0.672810855415995,1.4325567497419265,0.931214174048984
46,9.0,45.320833687889206,0.9412925278405182,24.788671790598556,6.633346631821479,8.65787760376057,0.6426452491020139,2.91245909527039,0.9727323316638844
47,9.0,45.3239141148755,0.93249418880418,24.750354901723245,6.829011362532814,8.424425443259743,0.5855708736034916,3.888818860973624,0.9630446773303916
48,9.0,45.95303857994358,0.924141531180087,24.703657082196703,6.624752012593511,8.821606875173645,0.660336797888836,0.9203551837140151,0.968886462882096
49,9.0,47.74525780382513,0.9162345616418024,24.64855954067085,6.818065780151303,8.846046427618424,0.6371401390165904,4.063205512406757,0.9553246753246754
50,9.0,47.105623938663385,0.908773286419564,24.585040150273947,6.713536407104487,8.864861629660968,0.6530431911295655,4.577899831447039,0.980561555075594
51,9.0,48.25247033494556,0.901757711314624,24.513073462198903,7.007373399459934,8.737478428127266,0.5973359435640141,9.207597967049791,0.9519427402862984
52,9.0,48.71778886964418,0.895187841712783,24.43263072178333,6.987956726717369,8.794705777092046,0.6071793838836996,5.1500871555826055,0.9630579784504876
53,9.0,47.944831168451074,0.8890636825971134,24.34367988726573,6.656269990420741,9.06689737315665,0.6790095298391264,1.2333339212172765,0.9766081871345028
54,9.0,48.55319749807579,0.8833852385598769,24.24618565142824,6.957178939743186,8.754423143723821,0.6069955766120816,4.828237781744958,0.9667359667359668
55,9.0,46.86648608414039,0.8781525138136328,24.140109466363,6.597533317787127,8.865060917373249,0.6679365732528305,0.5433467158707522,0.9797149122807016
56,9.0,46.5146535630144,0.873365512201541,24.025409571626167,6.570593231055567,8.957086199761738,0.6796199422660771,2.638433176123172,0.973340587595212
57,9.0,46.14375475384868,0.8690242372068522,23.902041026072,6.5838638155366125,8.865077274449288,0.6696521664550328,7.241976938805774,0.9710382513661202
58,9.0,46.34386051466017,0.8651286919615929,23.76995574368736,6.65707366435284,8.804934794229961,0.6544995422180079,5.385888626486651,0.967969598262758
59,8.0,45.89709895220679,0.8616788792544443,23.629102533777136,6.484460159234042,8.962651057293447,0.6903257367330907,8.946769440181974,0.9715068493150684
60,8.0,44.87934588543436,0.8586748015378055,23.480297315802208,6.247916921453368,9.136755134293017,0.729647966172974,3.671932884133265,0.98195149464185
61,8.0,47.84765027752571,0.8561164609340556,23.324361277356296,6.762116370015412,9.058272056330194,0.6653702013401006,12.288676897940425,0.9785900783289816
62,8.0,49.021190992930606,0.854003859241004,23.16124747166721,6.653052568869837,9.357581402155695,0.703211604095063,8.381491763556461,0.9734287174246296
63,8.0,49.47981518395316,0.8523369979365315,22.99090717654847,6.526178666947073,9.50016409888224,0.7266999812547921,8.048047350864426,0.9673135852911132
64,8.0,49.7777761750307,0.8511158781824247,22.813289938630152,6.53977057701335,9.550944070043624,0.7288008705972324,9.053930303780106,0.965989847715736
65,8.0,49.85749326151481,0.8503405008273962,22.628343621595334,6.548436962598681,9.530390386584124,0.7265517395501861,7.100241567782623,0.9684156902699949
66,8.0,50.77169039322842,0.8500108664093085,22.436014458704864,6.658067755991899,9.584356297613695,0.719317544748088,9.844316903155876,0.9551724137931036
67,8.0,48.152771913941606,0.8501269751565723,22.236247109907225,6.341711450967678,9.735001579933108,0.7587047276768798,5.340153104961287,0.9533231861998984
68,8.0,50.76407254064965,0.8506888269887507,22.02898472384373,6.814944494203675,9.669492131432776,0.7094170509578226,4.859240729003305,0.956896551724138
69,8.0,51.2998589980936,0.8516964215163445,21.814169005072923,6.624573707613611,9.9732586431072,0.7475244753574943,3.5072246552954103,0.9310344827586208
70,8.0,49.22404686056191,0.853149758039775,21.59174028685115,6.339764081705301,9.775771537004571,0.7611987600671232,3.9817555301121033,0.9510348308934882
71,8.0,49.19609504824623,0.8550488355475566,21.36163760981921,6.270111909049689,9.895247620664948,0.7736203229049828,0.7150024359668721,0.970164609053498
72,8.0,52.25699419691332,0.8573936527136549,21.12379880695717,6.494704776235279,10.167852073613563,0.7694147100202232,1.9259421844854012,0.9617224880382776
73,8.0,54.64211922115072,0.8601842078940487,20.878160595180848,6.840457095756966,10.235997503595703,0.7439141074788798,0.3732127028229798,0.9767123287671232
74,8.0,54.20049909220536,0.8634204991224678,20.62465867396465,6.534182332752716,10.668857995798088,0.7905059451740282,0.2627707108308055,0.9787234042553192
75,8.0,55.79865644256345,0.8671025241053341,20.363227831384275,6.826168715596446,10.320209070361106,0.7500001147092434,1.991152899568687,0.9671762589928058
76,8.0,55.65580091733324,0.8712302802158893,20.09380205798196,6.73876124026436,10.397543893901515,0.7615454574957436,0.2862017883587801,0.9704813805631244
77,8.0,56.96635954502553,0.8758037644875151,19.81631466886304,6.873405767124983,10.45440375480615,0.7534844292858324,2.0499638985002497,0.974233673922701
78,8.0,55.146733714498495,0.8808229736062403,19.530698434438133,6.943544900595648,10.15533396856941,0.7297309160991495,2.0316205915183247,0.9746376811594204
79,8.0,54.0559947957005,0.8862879039024492,19.23688572022768,6.718860691542714,10.417675851552389,0.7642258092171782,1.8321018492367016,0.9620938628158844
80,8.0,51.88497636924565,0.8921985513417728,18.93480863614642,6.2544991010617474,10.400802602022717,0.7989869832869398,0.0986082862395406,0.9924774322968908
81,7.0,55.61931494631323,0.8985549115151763,18.62439919568317,6.726814159982299,10.33529118895477,0.7591983505459762,0.8073075900243558,0.9747126436781608
82,7.0,57.69874674525639,0.9053569796282354,18.30558948538549,6.765608473035619,10.890290575333136,0.7836108260889414,0.9279537347706712,0.9575653664809258
83,7.0,60.54776981879328,0.912604750489607,17.97831184505053,7.0613942422941705,11.002416729523716,0.766868257149707,3.8382148494093538,0.9523232323232323
84,7.0,60.22502438338607,0.9202982184986932,17.64249905901037,6.880143178939291,11.117473853963077,0.7855020156858691,0.0766471415603914,0.9703919933277732
85,7.0,59.13133462949373,0.928437377632495,17.298084558882763,6.681359456164023,11.075757733079357,0.7975579530337213,4.180416436744827,0.9584582441113492
86,7.0,61.70380976450743,0.9370222214316568,16.945002638136838,6.930136421207832,11.320891527932217,0.7907376020508646,5.75655075472229,0.932448262397501
87,7.0,65.29646987010386,0.9460527429857084,16.583188678795576,7.152371951925475,11.589166894536914,0.7868370951476452,6.125963387475097,0.9745566692367
88,7.0,66.86155805192412,0.9555289349174964,16.212579390564244,7.202535321753678,11.77294094819542,0.7910218831486596,0.723784636623331,0.9780718336483932
89,7.0,66.99938865122664,0.9654507893668096,15.833113062634377,7.125339231626697,11.891043215218083,0.8005847073174476,2.067125037579085,0.971030850263356
90,7.0,66.51784732231614,0.9758182979731982,15.452966523645092,7.524446230466375,11.242221898102017,0.7429895112121004,2.311602826025943,0.956117515805132
91,7.0,69.45118530150302,0.986631451857983,15.080439693726191,7.884105948515373,11.362911762109295,0.7201231820177835,1.7064737068110227,0.9684285207520398
92,7.0,66.76566965792506,0.9978902416054644,14.715652897567791,7.293545105805455,11.547535719598123,0.7752853481764719,0.9013321338936752,0.98016024418161
93,7.0,67.5000298025357,1.0095946572433183,14.358721250664944,7.209724745417176,11.758897748048188,0.7899821094252343,0.5608573354192751,0.978433598183882
94,7.0,68.85108323731419,1.021744688222191,14.009754730559468,7.740605425654857,11.30065282258936,0.7285708765563739,0.9646437551769088,0.971605387695668
95,7.0,69.661137385529,1.0343403233944903,13.66885825887,7.700959357908933,11.558598267413954,0.7457245404508603,1.583091900191421,0.9734671925421298
96,7.0,69.91823860016625,1.0473815509923616,13.336131793201222,7.522587296241622,11.876347637276456,0.773816559558701,2.977134538170228,0.9862418537291816
97,7.0,69.156002977969,1.060868358604873,13.0116704280167,7.239199927768601,12.040403960573492,0.7990663430747392,2.143754657219973,0.9862759643916914
98,7.0,66.75200149441817,1.0748007331543812,12.695564503559394,7.177552010208218,11.687414066549897,0.7892070534101373,1.6900669449950156,0.9547325102880658
99,7.0,67.46010351922128,1.08917866087211,12.387899721909582,7.505709315174797,11.26308519904435,0.7455946897219339,0.2429143756872294,0.9608647036898994
100,6.0,66.9144832109244,1.104002127272907,12.088757269280404,7.451944987683811,11.454677056212804,0.7594550483058121,6.69486740548819,0.9637037037037036
101,6.0,66.36347524147561,1.119271117129212,11.798213943666736,7.31734213445043,11.571372867101584,0.7746693083864332,3.067103810822914,0.97680608365019
102,6.0,72.25766723337047,1.1349856144442136,11.516342286982628,8.14445989301447,11.464749526791628,0.7038061014326377,4.378291717257389,0.966021066938498
103,6.0,73.3999243124382,1.1511456024242075,11.243210720845845,8.047191729138598,11.607362664704237,0.7206644233132478,3.988941358902958,0.984060984060984
104,6.0,74.09655609980439,1.1677510634501502,10.97888368519422,8.024359664565976,11.761739148713264,0.7311252380320334,3.1969246442784853,0.9818617385352498
105,6.0,74.16180827792354,1.1848019790484174,10.723421778947865,7.853458557754543,11.904131425632258,0.7515061389277292,2.298213140177333,0.9806896551724138
106,6.0,71.70715321034753,1.202298329860751,10.476881901962086,7.813612369887819,11.661268919251508,0.7423169983760205,2.890718068871528,0.975557917109458
107,6.0,72.3923733923196,1.220240095613418,10.239317397549152,7.802349481476424,11.77100317839219,0.7487561559233509,2.7218084128307365,0.9498806682577564
108,6.0,71.81515981407053,1.2386272550855628,10.010778194880816,7.670913324559374,11.9621876912102,0.7673202959283838,2.775796988087812,0.9569230769230768
109,6.0,76.27686225024354,1.2574597860767591,9.791310950619076,7.847744475253986,12.309950339156844,0.7704396854247219,1.8569484584350755,0.9537366548042704
110,6.0,76.339399097068,1.2767376653737732,9.580959189157737,8.057026564792615,12.188949758455903,0.7503758856878368,2.70563857379951,0.9562579821200512
111,6.0,73.97993581049981,1.296460868716519,9.37976344089354,7.893915166899445,12.115442366091925,0.7585981544338805,2.239126610569874,0.9565360553177478
112,6.0,75.78179132155695,1.3166293707632215,9.187761377981127,7.792990737521831,12.439508381337326,0.7794442751285869,0.3466184062272611,0.966590239109073
113,6.0,80.8755986080752,1.337243145054787,9.004987947061474,8.14045326439822,12.54903878881626,0.7610510370290257,1.0651123645217733,0.9707347447073474
114,6.0,79.01786517733791,1.3583021639783754,8.831475498488139,8.245740244071364,12.253107276934683,0.7396865112072355,0.0400779502739504,0.9741324921135648
115,6.0,79.68527349145606,1.379806398730178,8.667253911609624,8.278971516350158,12.28439622771672,0.7387835922144065,1.3841119073516404,0.9788376500315856
116,6.0,78.45246533854464,1.4017558192774024,8.512350715699128,8.103516356913936,12.186941463845884,0.7469012082169176,0.223871575722982,0.9827023498694516
117,6.0,78.48194066988161,1.4241503943194722,8.366791206154739,7.979057911837777,12.461166780313071,0.7681128530923788,2.1535357724110686,0.9789166396367176
118,6.0,78.508953593599,1.4469900912484257,8.230598555623903,8.10127468640318,12.314636511912584,0.753141959079011,1.7988924590893742,0.9613066920393276
119,6.0,80.43484493208058,1.469914507478238,8.097770491883855,8.352282569420167,12.137522158328352,0.7255797981537405,2.151895001905323,0.9659161976235148
120,5.0,81.72850414828618,1.4925632692146742,7.962287805233386,8.619899884523036,12.0850538296021,0.7008892096305785,2.026887959673905,0.9769726742400984
121,5.0,80.48798956002368,1.514936386269408,7.824146785021799,8.211523590936306,12.383421598673856,0.74852476306064,0.5145907901813127,0.9819791337337972
122,5.0,82.41652001556874,1.5370338687570713,7.683343795572976,8.184482008069683,12.71053247907823,0.7650978682340268,0.9345484711592568,0.9721030042918456
123,5.0,81.17538336500992,1.5588557270797123,7.539875285113161,8.307004024975342,12.477013129226997,0.7461433636992296,1.584252822263764,0.9844236760124612
124,5.0,78.66458742826076,1.5804019719114517,7.393737794916576,8.195563553480866,12.328863709150705,0.74706882013929,1.499278992933763,0.9836852207293666
125,5.0,78.05585696063258,1.6016726141833253,7.244927968669331,8.087932808208263,12.38972044614113,0.7575350928040192,1.150120385314933,0.9835164835164836
126,5.0,78.08142615800254,1.6226676650683245,7.093442562051589,7.992087018729734,12.38109585863503,0.7637536223405405,1.1439518304168348,0.9800978792822186
127,5.0,79.37690524643827,1.6433871359666277,6.939278452537774,8.118356301784793,12.45406469661453,0.7583353583436735,0.3225791244816275,0.946236559139785
128,5.0,78.76739474516855,1.6638310384910295,6.78243264941439,8.174728016924114,12.373611706523208,0.7506862856514488,0.7935951392070867,0.9796372892141266
129,5.0,78.85591151853346,1.6839993844525591,6.622902304014508,8.181837210453978,12.386262908347137,0.7507750129027138,1.1179284758170565,0.9793519695044473
130,5.0,80.08908786535855,1.703892185846288,6.460684720167823,8.308099721232608,12.32610506532263,0.7387081793542395,2.053747127762894,0.987078474629688
131,5.0,80.7501892480567,1.7235094548373504,6.295777364864763,8.320814776191222,12.377043701921458,0.7402981501210788,0.9103304273458792,0.9755114693118412
132,5.0,80.77538347176738,1.742851203747131,6.128177879132688,8.19582979659905,12.389198549601469,0.7499179028892239,0.8883162812911934,0.97425431711146
133,5.0,81.4364881437888,1.7619174450396622,5.957884089121983,8.31469935812837,12.423429840836803,0.7430135980262694,0.043460057340959,0.9535800970873788
134,5.0,84.64329698845357,1.780708191308216,5.784894017399225,8.723954193218537,12.36542868113115,0.7086976255896442,1.071311170328167,0.962898042652644
135,5.0,85.94180804453985,1.7992234552620792,5.609205894444413,8.79036403223658,12.441372472229844,0.7076694779947242,1.2055153830253786,0.9631123919308358
136,5.0,82.78308346819877,1.8174632497135297,5.430818170348515,8.466512676867618,12.35678692673234,0.7283815774866295,1.576206968820152,0.964091732045866
137,5.0,83.4439064782934,1.8354275875650032,5.249729526707394,8.35590743975943,12.566942514601802,0.7469213747131361,1.2695479065696642,0.9625187406296852
138,5.0,82.1931257710333,1.8531164817964547,5.065938888707449,8.250049617675074,12.651561905783744,0.7581347248250037,1.0149460767206622,0.974969474969475
139,5.0,81.57843867626308,1.8705299454529123,4.879445437397909,8.308619798286497,12.472123312603912,0.7457946659850513,0.6375474750422122,0.976858994137612
140,5.0,81.60034733524115,1.887667991632224,4.6902486221441615,8.175267206229206,12.510326950752354,0.7569419419549153,1.1562999030179952,0.9768822243049048
141,4.0,80.9839892388694,1.904530633472994,4.498348173255907,8.322388715261575,12.359400823766595,0.7393095518692555,2.1362622944611243,0.9712608158220024
142,4.0,82.91799564675928,1.9211178841427228,4.303744114783376,8.350958962765104,12.64798183129465,0.7510363700288765,0.0174085654621033,0.9832368180432794
143,4.0,81.02434915095441,1.9374297568261305,4.106436777474256,8.217265955813133,12.514416609921136,0.7542175566088953,0.2837206029229766,0.9778816199376948
144,4.0,81.04348776624492,1.9534662647136705,3.9064268118833234,8.20959454232629,12.472761899682103,0.7528409720436986,0.9153510017640882,0.9688764394646748
145,4.0,82.33844518857379,1.9692274209902492,3.703715201626166,8.490862850604904,12.346196935847274,0.7259649449546179,0.9652736708680588,0.9519976147883124
146,4.0,80.44106547112247,1.9847132388241235,3.4983032767677305,8.215530227006958,12.48917328482041,0.7531814560969933,2.068683248088579,0.9515834348355664
147,4.0,81.73482029325271,1.9999237313560057,3.2901927273357376,8.389555735307308,12.430760507793224,0.7379059941861121,3.637102370581365,0.94182249925794
148,4.0,81.11218058405505,2.014858911688344,3.079385616948331,8.407177055748743,12.286732642140588,0.7292484013060156,0.657632510547219,0.9493518239372928
149,4.0,81.12718611520302,2.029518792874813,2.865884396544613,8.48336887889232,12.17934219906128,0.7175197109339525,0.2408673452940389,0.9709966059858068
150,4.0,81.14124185518985,2.043903387909982,2.6496919182060528,8.53988261360616,12.04237305483336,0.7050541305337628,2.074345162130923,0.9652307692307692
151,4.0,77.95925414641948,2.0580127097191863,2.430811449055915,8.351946449780565,11.859964017089208,0.7099876223005439,1.4134483442506622,0.956370534302877
152,4.0,77.97080944618924,2.071846771148583,2.2092466852232437,8.483928338639231,11.699685598672149,0.6885990781348268,2.332302231147328,0.9622102254684026
153,4.0,76.70294666806183,2.0854055849554034,1.9850017658571069,8.244426238902667,11.86981551418575,0.7194237891965104,1.9075657636744972,0.9613152804642168
154,4.0,77.99077110849522,2.0986891637984,1.7580812871760407,8.204742515332528,12.0834543895605,0.7341317694324468,0.7852115217611872,0.9683807090386458
155,4.0,77.35975609935922,2.111697520228474,1.5284903165369368,8.269075671724568,11.917852657025408,0.7201291287110666,0.9527278397069664,0.9769704832954914
156,4.0,75.44866957515761,2.12443066667951,1.2962344065067712,8.18461916987794,11.770771412656137,0.718685955592683,0.8972463329428483,0.9690075832509067
157,4.0,74.81498221918478,2.136888615459392,1.0613196089198431,8.121041664437715,11.76153380462473,0.7233558935777474,0.2806814254200453,0.9639431028779358
158,4.0,74.18000832172105,2.149071378741206,0.8237524889024268,8.049406238607686,11.75136286021866,0.7285646307648758,0.9620140611285848,0.9601063829787234
159,4.0,72.26471533594508,2.160978968554661,0.5835401388459285,8.034311119307011,11.472181846188176,0.7138187335263423,1.09449873461008,0.9613410879233664
160,4.0,73.54568550015422,2.1726113967776643,0.3406901923089331,8.132373789109968,11.550299177784463,0.710116624939975,0.7458429953451244,0.9476474486414844
161,4.0,72.90679555326659,2.1839686751281158,0.0952108378277347,7.972555292114738,11.66693434531403,0.7300938717012921,1.9852608022010607,0.945260347129506
162,3.0,71.62704239177144,2.1950508151558785,-0.1528891673858054,7.956260576225567,11.474771171367747,0.7205812198360864,4.130398904121431,0.9395270270270272
163,3.0,74.18303614748385,2.205857828234954,-0.4036004838809142,8.07867521574808,11.70219067396596,0.7234693807248337,2.056181971718595,0.9508575197889182
164,3.0,72.2610386255455,2.216389725555835,-0.6569131765616903,8.039740814960336,11.462452890662393,0.7127692336389791,0.1866955510386966,0.9593579234972678
165,3.0,72.89554863281319,2.226646518118053,-0.9128167014612588,8.023026266715412,11.58688839970727,0.7214912824263879,0.9686913419887307,0.9649421375085092
166,3.0,72.24969171633664,2.236628216722929,-1.171299892720273,7.923313035729014,11.627046813602876,0.7318590931171817,4.335951387902728,0.9580204778156995
167,3.0,72.24172769251823,2.2463348319664904,-1.432350949794324,7.971319750384209,11.542356400944971,0.7232223462620423,4.33883211093585,0.9636363636363636
168,3.0,72.871400297959,2.255766374232605,-1.6959574249154497,7.96164833010785,11.632039081393309,0.7290511764927857,3.44034250797668,0.9662231320368476
169,3.0,74.77749178230691,2.2649228536862887,-1.9621062108335343,7.9899306697392465,11.902793078228932,0.7412166824910357,2.761649334556356,0.9761504870675176
170,3.0,73.48615931182357,2.273804280267207,-2.230783528863873,7.9953566764436514,11.715544717585992,0.7309250331053065,1.894121540893512,0.9550787797519276
171,3.0,72.19356052939862,2.2824106636833728,-2.501974917267706,7.867947572661326,11.595986963474688,0.7345941856689067,0.8462789963023958,0.9727748691099476
172,3.0,73.45468760552855,2.2907420134050294,-2.7756652199929737,7.82848588783659,11.929492551636413,0.7545607357963181,1.2327582374131052,0.9528585757271816
173,3.0,73.43620734070814,2.298798338658723,-3.051838575802917,7.915422611189967,11.818451266827315,0.742584932920764,2.633879176180973,0.9658437605681434
174,3.0,73.41583478720273,2.3065796484215677,-3.330478407820499,7.884034054271912,11.834483460777347,0.7457800123316826,0.9036119467687388,0.9599191647019198
175,3.0,74.66993168363916,2.3140859514156995,-3.6115674135169114,7.896295705604143,11.984328576539497,0.752243022564876,0.777923525191152,0.955989410986102
176,3.0,74.00721640275961,2.3213172561029265,-3.8950875551726463,7.970785612454815,11.787293266926834,0.7367005312614013,1.414545838552931,0.9441875825627476
177,3.0,73.34288862632542,2.328273570679555,-4.181020050839754,8.100844191130241,11.550307592120545,0.7128133397772214,1.629492075004195,0.9578982822499158
178,3.0,74.59110769012807,2.3349549030714205,-4.453664920160563,8.174799206973836,11.6349313414071,0.7115761627444308,0.2083825583257613,0.9598006644518272
179,3.0,74.56521771981015,2.3413612609290992,-4.697368429028997,7.895029716134908,11.913939927095615,0.7489095344058523,0.3817243661764664,0.951747088186356
180,2.0,73.90412476782231,2.347492651623313,-4.912180463010533,7.854637287643518,11.964391719223498,0.75432444286254,2.4043388578943192,0.9698202780603594
181,2.0,73.88264759531332,2.353349082240522,-5.098149276727558,7.94626178085216,11.832990972228764,0.7409726916946656,4.1817839301446025,0.976158038147139
182,2.0,73.22708352405252,2.3589305595787127,-5.255319877574889,7.873315783164908,11.70944065532208,0.7401960821675658,4.199906777185707,0.9699481865284976
183,2.0,72.57477022664519,2.3642370901433623,-5.383732635945948,7.970116382071986,11.499740638549302,0.7208703855948341,5.2728200388415,0.9678200692041522
184,2.0,71.925875282544,2.369268680143607,-5.483422118074909,8.060053074163056,11.32873854165634,0.7027161790398931,3.5038997537987937,0.9762071378586424
185,2.0,72.55336942213289,2.374025335488596,-5.554416137775398,8.03715821893091,11.465250887476696,0.7131591174922746,3.43834651821921,0.9770833333333332
186,2.0,72.54785244033657,2.378507061784025,-5.596735023749916,7.960098775783435,11.58310082298051,0.7264519777785232,5.692759387871951,0.9753984753984754
187,2.0,71.90955005277452,2.3827138643288737,-5.610391099712449,8.054038536587703,11.375313534465697,0.7061838453488766,6.022332861670112,0.9779797273680532
188,2.0,73.18397398266492,2.3866457481123216,-5.595388375267603,8.228409002014875,11.300402312137534,0.6854150834170304,4.9714163098258775,0.964661909616038
189,2.0,72.55284524342942,2.3903027178108585,-5.55172244628391,8.273526521837171,11.146256337015696,0.6701006404275933,5.290058467947485,0.9610522719508028
190,2.0,73.83460537635683,2.3936847777855816,-5.479380604348195,8.463454981037785,11.068543415601733,0.644456354543036,7.782838428959645,0.9626388421406934
191,2.0,71.300479040618,2.3967919320796818,-5.378342155754691,8.155616152438633,11.072372171302536,0.6763567088868017,6.082686377967925,0.959304347826087
192,2.0,71.9522267337513,2.399624184416123,-5.24857895133014,8.047399065700866,11.237052104653053,0.6979471310739616,6.247759201583471,0.967109867039888
193,2.0,71.97025146893012,2.4021815381955056,-5.090056129186794,8.172448288614754,11.16627048070397,0.6814252493088135,4.9244273862808905,0.9834273624823696
194,2.0,71.99086263052034,2.404463996494117,-4.902733073190947,8.175492898663144,11.162147612658377,0.6808414709506143,4.833757362282245,0.9830807190694396
195,2.0,71.37641362912923,2.40647156206218,-4.686564590495483,7.995318532560227,11.173432596309617,0.698545331726166,2.8449185315259933,0.979555236728838
196,2.0,73.95088299907161,2.4082042373222845,-4.441502311869336,8.084136056563544,11.587883465102475,0.7164507642195409,4.218790775766137,0.9768392370572208
197,2.0,73.33984144596542,2.409662024368006,-4.167496318720733,8.05150431427984,11.554959323925845,0.7172640903587761,5.660064890753182,0.9536757301107754
198,2.0,72.72917176137297,2.410844924962715,-3.864497000608333,8.032000216712493,11.435965412858597,0.7118354266761989,4.497015360720146,0.9567143830947512
199,1.0,73.39470192555176,2.4117529405385785,-3.53245714661637,8.215740080997007,11.353036489766794,0.6901557605958553,6.375883272517264,0.9454061251664448
200,1.0,74.69876123570208,2.4123860721957437,-3.17133427318632,8.218252586725399,11.586588118063482,0.7049159791253546,4.556060953912158,0.9486760379208892
201,1.0,74.72527004114902,2.4127443207017176,-2.78109318979667,8.201576148698477,11.586332781344383,0.7063456174047626,5.372955231564481,0.9448433420365536
202,1.0,72.83321966358504,2.4128276864909357,-2.3617088022131507,8.02765417135472,11.57862739724308,0.7206325068324156,5.53535474091889,0.9610169491525424
203,1.0,72.2154686344004,2.4126361696645016,-1.913169150844261,8.17970846860343,11.283960974582834,0.6888566241682982,4.795396250225493,0.9662882696938424
204,1.0,72.8723413837587,2.412169769990148,-1.435478678985854,8.25800771910919,11.245317584576734,0.6787693937827831,3.3400755281454684,0.9782608695652174
205,1.0,74.8037335155042,2.411428486902357,-0.928661722384947,8.204423994016109,11.67402621457124,0.7113937248024552,6.172695262823424,0.9690103298900368
206,1.0,73.53302447776429,2.4104123195026816,-0.3927662075686303,8.372463813869283,11.176740706740697,0.6624594172579901,6.380527835287673,0.9587248322147652
207,1.0,74.17392063223505,2.4091212665602604,0.1721324582455596,8.425250728285999,11.186028498643328,0.6577974920932644,4.821119370653117,0.9635451505016722
208,1.0,73.52833589757826,2.407555326512506,0.7659273281110006,8.331987626842164,11.232184788714488,0.6706250133663473,4.551282899869593,0.9814624098867148
209,1.0,74.79190293611056,2.405714497466002,1.388475715519793,8.446248845791333,11.285714288357225,0.6632448011888417,2.692189589880723,0.9594460929772504
210,1.0,75.40559574276294,2.403598777197572,2.0395948885469988,8.504752359381094,11.273409216569602,0.6564047262795474,3.752850758686936,0.9635108481262328
211,1.0,74.72979903726274,2.401208163155546,2.7190576996389364,8.459078461794455,11.206360030095876,0.655900973235542,4.747007557885295,0.9586092715231788
212,1.0,75.31856989552249,2.398542652461217,3.426588199941798,8.48070515652966,11.2882626871882,0.6599768123610891,3.5004146211006875,0.958674975401771
213,1.0,74.61662413322281,2.3956022419104723,4.1618572944530765,8.530929511245288,11.11543977766157,0.6410664213799235,1.4310704894701267,0.9592175066312998
